#line,Structure,Field,Type,Disposition,Index,Default Value,Comment
1,Learning,level,Int32,,0x01,1,Integer
2,Learning,skill_id,Int32,,0x02,1,Integer
3,Actor,name,String,,0x01,'',String
4,Actor,title,String,,0x02,'',String
5,Actor,character_name,String,,0x03,'',String
6,Actor,character_index,Int32,,0x04,0,Integer
7,Actor,transparent,Boolean,,0x05,False,Flag
8,Actor,initial_level,Int32,,0x07,1,Integer
9,Actor,final_level,Int32,,0x08,99,Integer
10,Actor,critical_hit,Boolean,,0x09,True,Flag
11,Actor,critical_hit_chance,Int32,,0x0A,30,Integer
12,Actor,face_name,String,,0x0F,,String
13,Actor,face_index,Int32,,0x10,0,Integer
14,Actor,two_weapon,Boolean,,0x15,False,Flag
15,Actor,lock_equipment,Boolean,,0x16,False,Flag
16,Actor,auto_battle,Boolean,,0x17,False,Flag
17,Actor,super_guard,Boolean,,0x18,False,Flag
18,Actor,parameters,Parameters,,0x1F,,Array x 6 - Short
19,Actor,exp_base,Int32,,0x29,300,Integer
20,Actor,exp_inflation,Int32,,0x2A,300,Integer
21,Actor,exp_correction,Int32,,0x2B,0,Integer
22,Actor,initial_equipment,Equipment,,0x33,,Integer x 5
23,Actor,unarmed_animation,Int32,,0x38,1,Integer
24,Actor,class_id,Int32,,0x39,0,Integer - RPG2003
25,Actor,battle_x,Int32,,0x3B,220,Integer - RPG2003
26,Actor,battle_y,Int32,,0x3C,120,Integer - RPG2003
27,Actor,battler_animation,Int32,,0x3E,1,Integer - RPG2003
28,Actor,skills,Learning,Array,0x3F,,Array - RPG::Learning
29,Actor,rename_skill,Boolean,,0x42,False,Flag
30,Actor,skill_name,String,,0x43,'',String
31,Actor,state_ranks,SizeField,,0x47,,Integer
32,Actor,state_ranks,UInt8,Vector,0x48,,Array - Short
33,Actor,attribute_ranks,SizeField,,0x49,,Integer
34,Actor,attribute_ranks,UInt8,Vector,0x4A,,Array - Short
35,Actor,battle_commands,UInt32,Tuple_7,0x50,,Array - RPG::BattleCommand - RPG2003
36,Sound,name,String,,0x01,'',String
37,Sound,volume,Int32,,0x03,100,Integer
38,Sound,tempo,Int32,,0x04,100,Integer
39,Sound,balance,Int32,,0x05,50,Integer
40,AnimationTiming,frame,Int32,,0x01,0,Integer
41,AnimationTiming,se,Sound,,0x02,,RPG::Sound
42,AnimationTiming,flash_scope,Int32,,0x03,0,Integer
43,AnimationTiming,flash_red,Int32,,0x04,31,Integer
44,AnimationTiming,flash_green,Int32,,0x05,31,Integer
45,AnimationTiming,flash_blue,Int32,,0x06,31,Integer
46,AnimationTiming,flash_power,Int32,,0x07,31,Integer
47,AnimationTiming,screen_shake,Int32,,0x08,0,Integer - RPG2003 - TODO: Get chunk ID
48,AnimationCellData,valid,Int32,,0x01,1,Bool
49,AnimationCellData,cell_id,Int32,,0x02,0,Integer
50,AnimationCellData,x,Int32,,0x03,0,Integer
51,AnimationCellData,y,Int32,,0x04,0,Integer
52,AnimationCellData,zoom,Int32,,0x05,100,Integer
53,AnimationCellData,tone_red,Int32,,0x06,100,Integer
54,AnimationCellData,tone_green,Int32,,0x07,100,Integer
55,AnimationCellData,tone_blue,Int32,,0x08,100,Integer
56,AnimationCellData,tone_gray,Int32,,0x09,100,Integer
57,AnimationCellData,transparency,Int32,,0x0A,0,Integer
58,AnimationFrame,cells,AnimationCellData,Array,0x01,,Array - RPG::AnimationCellData
59,Animation,name,String,,0x01,'',String
60,Animation,animation_name,String,,0x02,'',String
61,Animation,large,Boolean,,0x03,False,Battle2 animation when true
62,Animation,timings,AnimationTiming,Array,0x06,,Array - RPG::AnimationTiming
63,Animation,scope,Int32,,0x09,0,Integer
64,Animation,position,Int32,,0x0A,2,Integer
65,Animation,frames,AnimationFrame,Array,0x0C,,Array - RPG::AnimationFrames
66,Attribute,name,String,,0x01,'',String
67,Attribute,type,Int32,,0x02,0,Integer
68,Attribute,a_rate,Int32,,0x0B,300,Integer
69,Attribute,b_rate,Int32,,0x0C,200,Integer
70,Attribute,c_rate,Int32,,0x0D,100,Integer
71,Attribute,d_rate,Int32,,0x0E,50,Integer
72,Attribute,e_rate,Int32,,0x0F,0,Integer
73,BattleCommand,name,String,,0x01,'',String
74,BattleCommand,type,Int32,,0x02,0,Integer
75,BattleCommands,placement,Int32,,0x02,0,Integer
76,BattleCommands,death_handler1,Int32,,0x04,0,Integer
77,BattleCommands,row,Int32,,0x06,0,Integer
78,BattleCommands,battle_type,Int32,,0x07,0,Integer
79,BattleCommands,unknown_09,Int32,,0x09,0,Integer
80,BattleCommands,commands,BattleCommand,Array,0x0A,,Array - RPG::BattleCommand
81,BattleCommands,death_handler2,Int32,,0x0F,0,Integer
82,BattleCommands,death_event,Int32,,0x10,0,Integer
83,BattleCommands,window_size,Int32,,0x14,0,Integer
84,BattleCommands,transparency,Int32,,0x18,0,Integer
85,BattleCommands,teleport,Boolean,,0x19,False,Integer
86,BattleCommands,teleport_id,Int32,,0x1A,0,Integer
87,BattleCommands,teleport_x,Int32,,0x1B,0,Integer
88,BattleCommands,teleport_y,Int32,,0x1C,0,Integer
89,BattleCommands,teleport_face,Int32,,0x1D,0,Integer
90,BattlerAnimationExtension,name,String,,0x01,'',String
91,BattlerAnimationExtension,battler_name,String,,0x02,'',String
92,BattlerAnimationExtension,battler_index,Int32,,0x03,0,Integer
93,BattlerAnimationExtension,animation_type,Int32,,0x04,0,Integer
94,BattlerAnimationExtension,animation_id,Int32,,0x05,1,Integer
95,BattlerAnimation,name,String,,0x01,'',String
96,BattlerAnimation,speed,Int32,,0x02,0,Integer
97,BattlerAnimation,base_data,BattlerAnimationExtension,Array,0x0A,,Array - RPG::BattlerAnimationExtension
98,BattlerAnimation,weapon_data,BattlerAnimationExtension,Array,0x0B,,Array - RPG::BattlerAnimationExtension
99,BattlerAnimationData,move,Int32,,0x05,0,Integer
100,BattlerAnimationData,after_image,Int32,,0x06,0,Integer
101,BattlerAnimationData,pose,Int32,,0x0E,0,Integer
102,Chipset,name,String,,0x01,'',String
103,Chipset,chipset_name,String,,0x02,'',String
104,Chipset,terrain_data,Int16,Vector,0x03,[1]*162,Array - Short x 162
105,Chipset,passable_data_lower,UInt8,Vector,0x04,[15]*162,Array - Bitflag x 162
106,Chipset,passable_data_upper,UInt8,Vector,0x05,[31]+[15]*143,Array - Bitflag x 144
107,Chipset,animation_type,Int32,,0x0B,0,Integer
108,Chipset,animation_speed,Int32,,0x0C,0,Integer
109,Class,name,String,,0x01,'',String
110,Class,two_weapon,Boolean,,0x15,False,Flag
111,Class,lock_equipment,Boolean,,0x16,False,Flag
112,Class,auto_battle,Boolean,,0x17,False,Flag
113,Class,super_guard,Boolean,,0x18,False,Flag
114,Class,parameters,Parameters,,0x1F,,Array x 6 - Short
115,Class,exp_base,Int32,,0x29,300,Integer
116,Class,exp_inflation,Int32,,0x2A,300,Integer
117,Class,exp_correction,Int32,,0x2B,0,Integer
118,Class,battler_animation,Int32,,0x3E,0,Integer
119,Class,skills,Learning,Array,0x3F,,Array - RPG::Learning
120,Class,state_ranks,SizeField,,0x47,,Integer
121,Class,state_ranks,UInt8,Vector,0x48,,Array - Short
122,Class,attribute_ranks,SizeField,,0x49,,Integer
123,Class,attribute_ranks,UInt8,Vector,0x4A,,Array - Short
124,Class,battle_commands,Int32,List,0x50,,Array - Uint32
125,CommonEvent,name,String,,0x01,'',String
126,CommonEvent,trigger,Int32,,0x0B,0,Integer
127,CommonEvent,switch_flag,Boolean,,0x0C,False,Flag
128,CommonEvent,switch_id,Int32,,0x0D,1,Integer
129,CommonEvent,event_commands,SizeField,,0x15,,Integer
130,CommonEvent,event_commands,EventCommand,Vector,0x16,,Array - RPG::EventCommand
131,Skill,name,String,,0x01,'',String
132,Skill,description,String,,0x02,'',String
133,Skill,using_message1,String,,0x03,'',String - RPG2000
134,Skill,using_message2,String,,0x04,'',String - RPG2000
135,Skill,failure_message,Int32,,0x07,0,Integer - RPG2000
136,Skill,type,Int32,,0x08,0,Integer
137,Skill,sp_type,Int32,,0x09,0,Integer - RPG2003
138,Skill,sp_percent,Int32,,0x0A,1,Integer - RPG2003
139,Skill,sp_cost,Int32,,0x0B,0,Integer
140,Skill,scope,Int32,,0x0C,0,Integer
141,Skill,switch_id,Int32,,0x0D,1,Integer
142,Skill,animation_id,Int32,,0x0E,0,Integer
143,Skill,sound_effect,Sound,,0x10,,RPG::Sound
144,Skill,occasion_field,Boolean,,0x12,True,Flag
145,Skill,occasion_battle,Boolean,,0x13,False,Flag
146,Skill,state_effect,Boolean,,0x14,False,Flag - RPG2003
147,Skill,physical_rate,Int32,,0x15,0,Integer
148,Skill,magical_rate,Int32,,0x16,3,Integer
149,Skill,variance,Int32,,0x17,4,Integer
150,Skill,power,Int32,,0x18,0,Integer
151,Skill,hit,Int32,,0x19,100,Integer
152,Skill,affect_hp,Boolean,,0x1F,False,Flag
153,Skill,affect_sp,Boolean,,0x20,False,Flag
154,Skill,affect_attack,Boolean,,0x21,False,Flag
155,Skill,affect_defense,Boolean,,0x22,False,Flag
156,Skill,affect_spirit,Boolean,,0x23,False,Flag
157,Skill,affect_agility,Boolean,,0x24,False,Flag
158,Skill,absorb_damage,Boolean,,0x25,False,Flag
159,Skill,ignore_defense,Boolean,,0x26,False,Flag
160,Skill,state_effects,SizeField,,0x29,,Integer
161,Skill,state_effects,Boolean,Vector,0x2A,,Array - Flag
162,Skill,attribute_effects,SizeField,,0x2B,,Integer
163,Skill,attribute_effects,Boolean,Vector,0x2C,,Array - Flag
164,Skill,affect_attr_defence,Boolean,,0x2D,False,Flag
165,Skill,battler_animation,Int32,,0x31,1,Integer - RPG2003
166,Skill,battler_animation_data,Int32,Array,0x32,,? - RPG2003
167,ItemAnimation,type,Int32,,0x03,0,
168,ItemAnimation,weapon_anim,Int32,,0x04,0,
169,ItemAnimation,movement,Int32,,0x05,0,
170,ItemAnimation,after_image,Int32,,0x06,0,
171,ItemAnimation,attacks,Int32,,0x07,0,
172,ItemAnimation,ranged,Boolean,,0x08,False,
173,ItemAnimation,ranged_anim,Int32,,0x09,0,
174,ItemAnimation,ranged_speed,Int32,,0x0C,0,
175,ItemAnimation,battle_anim,Int32,,0x0D,0,
176,Item,name,String,,0x01,'',String
177,Item,description,String,,0x02,'',String
178,Item,type,Int32,,0x03,0,Integer
179,Item,price,Int32,,0x05,0,Integer
180,Item,uses,Int32,,0x06,1,Integer
181,Item,atk_points1,Int32,,0x0B,0,Integer
182,Item,def_points1,Int32,,0x0C,0,Integer
183,Item,spi_points1,Int32,,0x0D,0,Integer
184,Item,agi_points1,Int32,,0x0E,0,Integer
185,Item,two_handed,Boolean,,0x0F,False,Flag
186,Item,sp_cost,Int32,,0x10,0,Integer
187,Item,hit,Int32,,0x11,90,Integer
188,Item,critical_hit,Int32,,0x12,0,Integer
189,Item,animation_id,Int32,,0x14,1,Integer
190,Item,preemptive,Boolean,,0x15,False,Flag
191,Item,dual_attack,Boolean,,0x16,False,Flag
192,Item,attack_all,Boolean,,0x17,False,Flag
193,Item,ignore_evasion,Boolean,,0x18,False,Flag
194,Item,prevent_critical,Boolean,,0x19,False,Flag
195,Item,raise_evasion,Boolean,,0x1A,False,Flag
196,Item,half_sp_cost,Boolean,,0x1B,False,Flag
197,Item,no_terrain_damage,Boolean,,0x1C,False,Flag
198,Item,cursed,Boolean,,0x1D,False,Flag - RPG2003
199,Item,entire_party,Boolean,,0x1F,False,Flag
200,Item,recover_hp_rate,Int32,,0x20,0,Integer
201,Item,recover_hp,Int32,,0x21,0,Integer
202,Item,recover_sp_rate,Int32,,0x22,0,Integer
203,Item,recover_sp,Int32,,0x23,0,Integer
204,Item,occasion_field1,Boolean,,0x25,False,Flag
205,Item,ko_only,Boolean,,0x26,False,Flag
206,Item,max_hp_points,Int32,,0x29,0,Integer
207,Item,max_sp_points,Int32,,0x2A,0,Integer
208,Item,atk_points2,Int32,,0x2B,0,Integer
209,Item,def_points2,Int32,,0x2C,0,Integer
210,Item,spi_points2,Int32,,0x2D,0,Integer
211,Item,agi_points2,Int32,,0x2E,0,Integer
212,Item,using_message,Int32,,0x33,0,Integer
213,Item,skill_id,Int32,,0x35,1,Integer - RPG2003
214,Item,switch_id,Int32,,0x37,1,Integer
215,Item,occasion_field2,Boolean,,0x39,True,Flag
216,Item,occasion_battle,Boolean,,0x3A,False,Flag
217,Item,actor_set,SizeField,,0x3D,,Integer
218,Item,actor_set,Boolean,Vector,0x3E,,Array - Flag
219,Item,state_set,SizeField,,0x3F,,Integer
220,Item,state_set,Boolean,Vector,0x40,,Array - Flag
221,Item,attribute_set,SizeField,,0x41,,Integer
222,Item,attribute_set,Boolean,Vector,0x42,,Array - Flag
223,Item,state_chance,Int32,,0x43,0,Integer
224,Item,state_effect,Boolean,,0x44,False,Flag
225,Item,weapon_animation,Int32,,0x45,1,Integer - RPG2003
226,Item,animation_data,Int32,Array,0x46,,Array - RPG2003
227,Item,use_skill,Boolean,,0x47,False,Flag - RPG2003
228,Item,class_set,SizeField,,0x48,,Integer - RPG2003
229,Item,class_set,Boolean,Vector,0x49,,Array - Flag - RPG2003
230,Item,ranged_trajectory,Int32,,0x4B,0,Integer
231,Item,ranged_target,Int32,,0x4C,0,Integer
232,EnemyAction,kind,Int32,,0x01,0,Integer
233,EnemyAction,basic,Int32,,0x02,1,Integer
234,EnemyAction,skill_id,Int32,,0x03,1,Integer
235,EnemyAction,enemy_id,Int32,,0x04,1,Integer
236,EnemyAction,condition_type,Int32,,0x05,0,Integer
237,EnemyAction,condition_param1,Int32,,0x06,0,Integer
238,EnemyAction,condition_param2,Int32,,0x07,0,Integer
239,EnemyAction,switch_id,Int32,,0x08,1,Integer
240,EnemyAction,switch_on,Boolean,,0x09,False,Flag
241,EnemyAction,switch_on_id,Int32,,0x0A,1,Integer
242,EnemyAction,switch_off,Boolean,,0x0B,False,Flag
243,EnemyAction,switch_off_id,Int32,,0x0C,1,Integer
244,EnemyAction,rating,Int32,,0x0D,50,Integer
245,Enemy,name,String,,0x01,'',String
246,Enemy,battler_name,String,,0x02,'',String
247,Enemy,battler_hue,Int32,,0x03,0,Integer
248,Enemy,max_hp,Int32,,0x04,10,Integer
249,Enemy,max_sp,Int32,,0x05,10,Integer
250,Enemy,attack,Int32,,0x06,10,Integer
251,Enemy,defense,Int32,,0x07,10,Integer
252,Enemy,spirit,Int32,,0x08,10,Integer
253,Enemy,agility,Int32,,0x09,10,Integer
254,Enemy,transparent,Boolean,,0x0A,False,Flag
255,Enemy,exp,Int32,,0x0B,0,Integer
256,Enemy,gold,Int32,,0x0C,0,Integer
257,Enemy,drop_id,Int32,,0x0D,0,Integer
258,Enemy,drop_prob,Int32,,0x0E,100,Integer
259,Enemy,critical_hit,Boolean,,0x15,False,Flag
260,Enemy,critical_hit_chance,Int32,,0x16,30,Integer
261,Enemy,miss,Boolean,,0x1A,False,Flag
262,Enemy,levitate,Boolean,,0x1C,False,Flag
263,Enemy,state_ranks,SizeField,,0x1F,,Integer
264,Enemy,state_ranks,UInt8,Vector,0x20,,Array - Short
265,Enemy,attribute_ranks,SizeField,,0x21,,Integer
266,Enemy,attribute_ranks,UInt8,Vector,0x22,,Array - Short
267,Enemy,actions,EnemyAction,Array,0x2A,,Array - RPG::EnemyAction
268,TroopMember,enemy_id,Int32,,0x01,1,Integer
269,TroopMember,x,Int32,,0x02,0,Integer
270,TroopMember,y,Int32,,0x03,0,Integer
271,TroopMember,invisible,Boolean,,0x04,False,Flag
272,TroopPageCondition,flags,TroopPageCondition_Flags,,0x01,,Bitflag - x 2 if RPG2003
273,TroopPageCondition,switch_a_id,Int32,,0x02,1,Integer
274,TroopPageCondition,switch_b_id,Int32,,0x03,1,Integer
275,TroopPageCondition,variable_id,Int32,,0x04,1,Integer
276,TroopPageCondition,variable_value,Int32,,0x05,0,Integer
277,TroopPageCondition,turn_a,Int32,,0x06,0,Integer
278,TroopPageCondition,turn_b,Int32,,0x07,0,Integer
279,TroopPageCondition,fatigue_min,Int32,,0x08,0,Integer
280,TroopPageCondition,fatigue_max,Int32,,0x09,100,Integer
281,TroopPageCondition,enemy_id,Int32,,0x0A,0,Integer
282,TroopPageCondition,enemy_hp_min,Int32,,0x0B,0,Integer
283,TroopPageCondition,enemy_hp_max,Int32,,0x0C,100,Integer
284,TroopPageCondition,actor_id,Int32,,0x0D,1,Integer
285,TroopPageCondition,actor_hp_min,Int32,,0x0E,0,Integer
286,TroopPageCondition,actor_hp_max,Int32,,0x0F,100,Integer
287,TroopPageCondition,turn_enemy_id,Int32,,0x10,0,Integer - RPG2003
288,TroopPageCondition,turn_enemy_a,Int32,,0x11,0,Integer - RPG2003
289,TroopPageCondition,turn_enemy_b,Int32,,0x12,0,Integer - RPG2003
290,TroopPageCondition,turn_actor_id,Int32,,0x13,1,Integer - RPG2003
291,TroopPageCondition,turn_actor_a,Int32,,0x14,0,Integer - RPG2003
292,TroopPageCondition,turn_actor_b,Int32,,0x15,0,Integer - RPG2003
293,TroopPageCondition,command_actor_id,Int32,,0x16,1,Integer - RPG2003
294,TroopPageCondition,command_id,Int32,,0x17,1,Integer - RPG2003
295,TroopPage,condition,TroopPageCondition,,0x02,,RPG::TroopPageCondition
296,TroopPage,event_commands,SizeField,,0x0B,,Integer
297,TroopPage,event_commands,EventCommand,Vector,0x0C,,Array - RPG::EventCommand
298,Troop,name,String,,0x01,'',String
299,Troop,members,TroopMember,Array,0x02,,Array - RPG::TroopMember
300,Troop,auto_alignment,Boolean,,0x03,False,Flag
301,Troop,terrain_set,SizeField,,0x04,,Integer
302,Troop,terrain_set,Boolean,Vector,0x05,,Array - Flag
303,Troop,appear_randomly,Boolean,,0x06,False,Flag
304,Troop,pages,TroopPage,Array,0x0B,,Array - RPG::TroopPage
305,Terrain,name,String,,0x01,'',String
306,Terrain,damage,Int32,,0x02,0,Integer
307,Terrain,encounter_rate,Int32,,0x03,100,Integer
308,Terrain,background_name,String,,0x04,'',String
309,Terrain,boat_pass,Boolean,,0x05,False,Flag
310,Terrain,ship_pass,Boolean,,0x06,False,Flag
311,Terrain,airship_pass,Boolean,,0x07,True,Flag
312,Terrain,airship_land,Boolean,,0x09,True,Flag
313,Terrain,bush_depth,Int32,,0x0B,0,Integer
314,Terrain,footstep,Sound,,0x0F,,RPG::Sound - RPG2003
315,Terrain,on_damage_se,Boolean,,0x10,False,Flag - RPG2003
316,Terrain,background_type,Int32,,0x11,0,Integer - RPG2003
317,Terrain,background_a_name,String,,0x15,'',String - RPG2003
318,Terrain,background_a_scrollh,Boolean,,0x16,False,Flag - RPG2003
319,Terrain,background_a_scrollv,Boolean,,0x17,False,Flag - RPG2003
320,Terrain,background_a_scrollh_speed,Int32,,0x18,0,Integer - RPG2003
321,Terrain,background_a_scrollv_speed,Int32,,0x19,0,Integer - RPG2003
322,Terrain,background_b,Boolean,,0x1E,False,Flag - RPG2003
323,Terrain,background_b_name,String,,0x1F,'',String - RPG2003
324,Terrain,background_b_scrollh,Boolean,,0x20,False,Flag - RPG2003
325,Terrain,background_b_scrollv,Boolean,,0x21,False,Flag - RPG2003
326,Terrain,background_b_scrollh_speed,Int32,,0x22,0,Integer - RPG2003
327,Terrain,background_b_scrollv_speed,Int32,,0x23,0,Integer - RPG2003
328,Terrain,special_flags,Terrain_Flags,,0x28,,Bitflag - RPG2003
329,Terrain,special_back_party,Int32,,0x29,15,Integer - RPG2003
330,Terrain,special_back_enemies,Int32,,0x2A,10,Integer - RPG2003
331,Terrain,special_lateral_party,Int32,,0x2B,10,Integer - RPG2003
332,Terrain,special_lateral_enemies,Int32,,0x2C,5,Integer - RPG2003
333,Terrain,grid_location,Int32,,0x2D,0,Integer - RPG2003
334,Terrain,grid_a,Int32,,0x2E,0,Integer - RPG2003
335,Terrain,grid_b,Int32,,0x2F,0,Integer - RPG2003
336,Terrain,grid_c,Int32,,0x30,0,Integer - RPG2003
337,State,name,String,,0x01,'',String
338,State,type,Int32,,0x02,0,Integer
339,State,color,Int32,,0x03,6,Integer
340,State,priority,Int32,,0x04,50,Integer
341,State,restriction,Int32,,0x05,0,Integer
342,State,a_rate,Int32,,0x0B,100,Integer
343,State,b_rate,Int32,,0x0C,80,Integer
344,State,c_rate,Int32,,0x0D,60,Integer
345,State,d_rate,Int32,,0x0E,30,Integer
346,State,e_rate,Int32,,0x0F,0,Integer
347,State,hold_turn,Int32,,0x15,0,Integer
348,State,auto_release_prob,Int32,,0x16,0,Integer
349,State,release_by_damage,Int32,,0x17,0,Integer
350,State,affect_type,Int32,,0x1E,0,Integer - RPG2003
351,State,affect_attack,Boolean,,0x1F,False,Flag
352,State,affect_defense,Boolean,,0x20,False,Flag
353,State,affect_spirit,Boolean,,0x21,False,Flag
354,State,affect_agility,Boolean,,0x22,False,Flag
355,State,reduce_hit_ratio,Int32,,0x23,100,Integer
356,State,avoid_attacks,Boolean,,0x24,False,Flag - RPG2003
357,State,reflect_magic,Boolean,,0x25,False,Flag - RPG2003
358,State,cursed,Boolean,,0x26,False,Flag - RPG2003
359,State,battler_animation_id,Int32,,0x27,100,Integer - RPG2003
360,State,restrict_skill,Boolean,,0x29,False,Flag
361,State,restrict_skill_level,Int32,,0x2A,0,Integer
362,State,restrict_magic,Boolean,,0x2B,False,Flag
363,State,restrict_magic_level,Int32,,0x2C,0,Integer
364,State,hp_change_type,Int32,,0x2D,0,Integer
365,State,sp_change_type,Int32,,0x2E,0,Integer
366,State,message_actor,String,,0x33,'',String
367,State,message_enemy,String,,0x34,'',String
368,State,message_already,String,,0x35,'',String
369,State,message_affected,String,,0x36,'',String
370,State,message_recovery,String,,0x37,'',String
371,State,hp_change_max,Int32,,0x3D,0,Integer
372,State,hp_change_val,Int32,,0x3E,0,Integer
373,State,hp_change_map_steps,Int32,,0x3F,0,Integer
374,State,hp_change_map_val,Int32,,0x40,0,Integer
375,State,sp_change_max,Int32,,0x41,0,Integer
376,State,sp_change_val,Int32,,0x42,0,Integer
377,State,sp_change_map_steps,Int32,,0x43,0,Integer
378,State,sp_change_map_val,Int32,,0x44,0,Integer
379,Terms,encounter,String,,0x01,'',String
380,Terms,special_combat,String,,0x02,'',String
381,Terms,escape_success,String,,0x03,'',String
382,Terms,escape_failure,String,,0x04,'',String
383,Terms,victory,String,,0x05,'',String
384,Terms,defeat,String,,0x06,'',String
385,Terms,exp_received,String,,0x07,'',String
386,Terms,gold_recieved_a,String,,0x08,'',String
387,Terms,gold_recieved_b,String,,0x09,'',String
388,Terms,item_recieved,String,,0x0A,'',String
389,Terms,attacking,String,,0x0B,'',String
390,Terms,enemy_critical,String,,0x0C,'',String
391,Terms,actor_critical,String,,0x0D,'',String
392,Terms,defending,String,,0x0E,'',String
393,Terms,observing,String,,0x0F,'',String
394,Terms,focus,String,,0x10,'',String
395,Terms,autodestruction,String,,0x11,'',String
396,Terms,enemy_escape,String,,0x12,'',String
397,Terms,enemy_transform,String,,0x13,'',String
398,Terms,enemy_damaged,String,,0x14,'',String
399,Terms,enemy_undamaged,String,,0x15,'',String
400,Terms,actor_damaged,String,,0x16,'',String
401,Terms,actor_undamaged,String,,0x17,'',String
402,Terms,skill_failure_a,String,,0x18,'',String
403,Terms,skill_failure_b,String,,0x19,'',String
404,Terms,skill_failure_c,String,,0x1A,'',String
405,Terms,dodge,String,,0x1B,'',String
406,Terms,use_item,String,,0x1C,'',String
407,Terms,hp_recovery,String,,0x1D,'',String
408,Terms,parameter_increase,String,,0x1E,'',String
409,Terms,parameter_decrease,String,,0x1F,'',String
410,Terms,enemy_hp_absorbed,String,,0x20,'',String
411,Terms,actor_hp_absorbed,String,,0x21,'',String
412,Terms,resistance_increase,String,,0x22,'',String
413,Terms,resistance_decrease,String,,0x23,'',String
414,Terms,level_up,String,,0x24,'',String
415,Terms,skill_learned,String,,0x25,'',String
416,Terms,battle_start,String,,0x26,'',String
417,Terms,miss,String,,0x27,'',String
418,Terms,shop_greeting1,String,,0x29,'',String
419,Terms,shop_regreeting1,String,,0x2A,'',String
420,Terms,shop_buy1,String,,0x2B,'',String
421,Terms,shop_sell1,String,,0x2C,'',String
422,Terms,shop_leave1,String,,0x2D,'',String
423,Terms,shop_buy_select1,String,,0x2E,'',String
424,Terms,shop_buy_number1,String,,0x2F,'',String
425,Terms,shop_purchased1,String,,0x30,'',String
426,Terms,shop_sell_select1,String,,0x31,'',String
427,Terms,shop_sell_number1,String,,0x32,'',String
428,Terms,shop_sold1,String,,0x33,'',String
429,Terms,shop_greeting2,String,,0x36,'',String
430,Terms,shop_regreeting2,String,,0x37,'',String
431,Terms,shop_buy2,String,,0x38,'',String
432,Terms,shop_sell2,String,,0x39,'',String
433,Terms,shop_leave2,String,,0x3A,'',String
434,Terms,shop_buy_select2,String,,0x3B,'',String
435,Terms,shop_buy_number2,String,,0x3C,'',String
436,Terms,shop_purchased2,String,,0x3D,'',String
437,Terms,shop_sell_select2,String,,0x3E,'',String
438,Terms,shop_sell_number2,String,,0x3F,'',String
439,Terms,shop_sold2,String,,0x40,'',String
440,Terms,shop_greeting3,String,,0x43,'',String
441,Terms,shop_regreeting3,String,,0x44,'',String
442,Terms,shop_buy3,String,,0x45,'',String
443,Terms,shop_sell3,String,,0x46,'',String
444,Terms,shop_leave3,String,,0x47,'',String
445,Terms,shop_buy_select3,String,,0x48,'',String
446,Terms,shop_buy_number3,String,,0x49,'',String
447,Terms,shop_purchased3,String,,0x4A,'',String
448,Terms,shop_sell_select3,String,,0x4B,'',String
449,Terms,shop_sell_number3,String,,0x4C,'',String
450,Terms,shop_sold3,String,,0x4D,'',String
451,Terms,inn_a_greeting_1,String,,0x50,'',String
452,Terms,inn_a_greeting_2,String,,0x51,'',String
453,Terms,inn_a_greeting_3,String,,0x52,'',String
454,Terms,inn_a_accept,String,,0x53,'',String
455,Terms,inn_a_cancel,String,,0x54,'',String
456,Terms,inn_b_greeting_1,String,,0x55,'',String
457,Terms,inn_b_greeting_2,String,,0x56,'',String
458,Terms,inn_b_greeting_3,String,,0x57,'',String
459,Terms,inn_b_accept,String,,0x58,'',String
460,Terms,inn_b_cancel,String,,0x59,'',String
461,Terms,possessed_items,String,,0x5C,'',String
462,Terms,equipped_items,String,,0x5D,'',String
463,Terms,gold,String,,0x5F,'',String
464,Terms,battle_fight,String,,0x65,'',String
465,Terms,battle_auto,String,,0x66,'',String
466,Terms,battle_escape,String,,0x67,'',String
467,Terms,command_attack,String,,0x68,'',String
468,Terms,command_defend,String,,0x69,'',String
469,Terms,command_item,String,,0x6A,'',String
470,Terms,command_skill,String,,0x6B,'',String
471,Terms,menu_equipment,String,,0x6C,'',String
472,Terms,menu_save,String,,0x6E,'',String
473,Terms,menu_quit,String,,0x70,'',String
474,Terms,new_game,String,,0x72,'',String
475,Terms,load_game,String,,0x73,'',String
476,Terms,exit_game,String,,0x75,'',String
477,Terms,status,String,,0x76,'',String
478,Terms,row,String,,0x77,'',String
479,Terms,order,String,,0x78,'',String
480,Terms,wait_on,String,,0x79,'',String
481,Terms,wait_off,String,,0x7A,'',String
482,Terms,level,String,,0x7B,'',String
483,Terms,health_points,String,,0x7C,'',String
484,Terms,spirit_points,String,,0x7D,'',String
485,Terms,normal_status,String,,0x7E,'',String
486,Terms,exp_short,String,,0x7F,'',String - char x 2?
487,Terms,lvl_short,String,,0x80,'',String - char x 2?
488,Terms,hp_short,String,,0x81,'',String - char x 2?
489,Terms,sp_short,String,,0x82,'',String - char x 2?
490,Terms,sp_cost,String,,0x83,'',String
491,Terms,attack,String,,0x84,'',String
492,Terms,defense,String,,0x85,'',String
493,Terms,spirit,String,,0x86,'',String
494,Terms,agility,String,,0x87,'',String
495,Terms,weapon,String,,0x88,'',String
496,Terms,shield,String,,0x89,'',String
497,Terms,armor,String,,0x8A,'',String
498,Terms,helmet,String,,0x8B,'',String
499,Terms,accessory,String,,0x8C,'',String
500,Terms,save_game_message,String,,0x92,'',String
501,Terms,load_game_message,String,,0x93,'',String
502,Terms,file,String,,0x94,'',String
503,Terms,exit_game_message,String,,0x97,'',String
504,Terms,yes,String,,0x98,'',String
505,Terms,no,String,,0x99,'',String
506,Music,name,String,,0x01,'',String
507,Music,fadein,Int32,,0x02,0,Integer
508,Music,volume,Int32,,0x03,100,Integer
509,Music,tempo,Int32,,0x04,100,Integer
510,Music,balance,Int32,,0x05,50,Integer
511,TestBattler,actor_id,Int32,,0x01,1,Integer
512,TestBattler,level,Int32,,0x02,1,Integer
513,TestBattler,weapon_id,Int32,,0x0B,0,Integer
514,TestBattler,shield_id,Int32,,0x0C,0,Integer
515,TestBattler,armor_id,Int32,,0x0D,0,Integer
516,TestBattler,helmet_id,Int32,,0x0E,0,Integer
517,TestBattler,accessory_id,Int32,,0x0F,0,Integer
518,System,ldb_id,Int32,,0x0A,0,Integer - RPG2003
519,System,boat_name,String,,0x0B,'',String
520,System,ship_name,String,,0x0C,'',String
521,System,airship_name,String,,0x0D,'',String
522,System,boat_index,Int32,,0x0E,0,Integer
523,System,ship_index,Int32,,0x0F,0,Integer
524,System,airship_index,Int32,,0x10,0,Integer
525,System,title_name,String,,0x11,'',String
526,System,gameover_name,String,,0x12,'',String
527,System,system_name,String,,0x13,'',String
528,System,system2_name,String,,0x14,'',String - RPG2003
529,System,party,SizeField,,0x15,,Integer
530,System,party,Int16,Vector,0x16,,Array - Short
531,System,menu_commands,SizeField,,0x1A,,Integer - RPG2003
532,System,menu_commands,Int16,Vector,0x1B,,Array - Short - RPG2003
533,System,title_music,Music,,0x1F,,RPG::Music
534,System,battle_music,Music,,0x20,,RPG::Music
535,System,battle_end_music,Music,,0x21,,RPG::Music
536,System,inn_music,Music,,0x22,,RPG::Music
537,System,boat_music,Music,,0x23,,RPG::Music
538,System,ship_music,Music,,0x24,,RPG::Music
539,System,airship_music,Music,,0x25,,RPG::Music
540,System,gameover_music,Music,,0x26,,RPG::Music
541,System,cursor_se,Sound,,0x29,,RPG::Sound
542,System,decision_se,Sound,,0x2A,,RPG::Sound
543,System,cancel_se,Sound,,0x2B,,RPG::Sound
544,System,buzzer_se,Sound,,0x2C,,RPG::Sound
545,System,battle_se,Sound,,0x2D,,RPG::Sound
546,System,escape_se,Sound,,0x2E,,RPG::Sound
547,System,enemy_attack_se,Sound,,0x2F,,RPG::Sound
548,System,enemy_damaged_se,Sound,,0x30,,RPG::Sound
549,System,actor_damaged_se,Sound,,0x31,,RPG::Sound
550,System,dodge_se,Sound,,0x32,,RPG::Sound
551,System,enemy_death_se,Sound,,0x33,,RPG::Sound
552,System,item_se,Sound,,0x34,,RPG::Sound
553,System,transition_out,Int32,,0x3D,0,Integer
554,System,transition_in,Int32,,0x3E,0,Integer
555,System,battle_start_fadeout,Int32,,0x3F,0,Integer
556,System,battle_start_fadein,Int32,,0x40,0,Integer
557,System,battle_end_fadeout,Int32,,0x41,0,Integer
558,System,battle_end_fadein,Int32,,0x42,0,Integer
559,System,message_stretch,Int32,,0x47,0,Integer
560,System,font_id,Int32,,0x48,0,Integer
561,System,selected_condition,Int32,,0x51,0,Integer
562,System,selected_hero,Int32,,0x52,0,Integer
563,System,battletest_background,String,,0x54,'',String
564,System,battletest_data,TestBattler,Array,0x55,,Array - RPG::TestBattler
565,System,save_count,Int32,,0x5B,0,Integer
566,System,battletest_terrain,Int32,,0x5E,0,Integer
567,System,battletest_formation,Int32,,0x5F,0,Integer
568,System,battletest_condition,Int32,,0x60,0,Integer
569,System,unknown_61,Int32,,0x61,-1,?
570,System,show_frame,Boolean,,0x63,False,Flag - RPG2003
571,System,frame_name,String,,0x64,'',String - RPG2003
572,System,invert_animations,Boolean,,0x65,False,Flag - RPG2003
573,System,show_title,Boolean,,0x6F,True,When false the title is skipped and the game starts directly. In TestPlay mode skips directly to the Load scene. Added in RPG Maker 2003 v1.11
574,Switch,name,String,,0x01,'',String
575,Variable,name,String,,0x01,'',String
576,Database,actors,Actor,Array,0x0B,,RPG::Actor
577,Database,skills,Skill,Array,0x0C,,RPG::Skill
578,Database,items,Item,Array,0x0D,,RPG::Item
579,Database,enemies,Enemy,Array,0x0E,,RPG::Enemy
580,Database,troops,Troop,Array,0x0F,,RPG::Troop
581,Database,terrains,Terrain,Array,0x10,,RPG::Terrain
582,Database,attributes,Attribute,Array,0x11,,RPG::Attribute
583,Database,states,State,Array,0x12,,RPG::State
584,Database,animations,Animation,Array,0x13,,RPG::Animation
585,Database,chipsets,Chipset,Array,0x14,,RPG::Chipset
586,Database,terms,Terms,,0x15,,RPG::Terms
587,Database,system,System,,0x16,,RPG::System
588,Database,switches,Switch,Array,0x17,,RPG::Switchs
589,Database,variables,Variable,Array,0x18,,RPG::Variables
590,Database,commonevents,CommonEvent,Array,0x19,,RPG::CommonEvent
591,Database,version,Int32,,0x1A,0,Indicates version of database. When 1 the database was converted to RPG Maker 2000 v1.61
592,Database,commoneventD2,,,0x1B,,Duplicated? - Not used - RPG2003
593,Database,commoneventD3,,,0x1C,,Duplicated? - Not used - RPG2003
594,Database,battlecommands,BattleCommands,,0x1D,,RPG::BattleCommand - RPG2003
595,Database,classes,Class,Array,0x1E,,RPG::Class - RPG2003
596,Database,classD1,,,0x1F,,Duplicated? - Not used - RPG2003
597,Database,battleranimations,BattlerAnimation,Array,0x20,,RPG::BattlerAnimation - RPG2003
598,Encounter,troop_id,Int32,,0x01,0,Integer
599,MapInfo,name,String,,0x01,'',String. Note: Map ID 0 used to be game title but it should be ignored (TreeCtrl dummy editor dumped data); always use RPG_RT.ini GameTitle instead
600,MapInfo,parent_map,Int32,,0x02,0,Integer. Used to inherit parent map properties
601,MapInfo,indentation,Int32,,0x03,0,Integer. Dummy editor dumped data. Branch indentation level in TreeCtrl
602,MapInfo,type,Int32,,0x04,-1,Integer
603,MapInfo,scrollbar_x,Int32,,0x05,0,Integer. Editor only
604,MapInfo,scrollbar_y,Int32,,0x06,0,Integer. Editor only
605,MapInfo,expanded_node,Boolean,,0x07,False,Flag. Editor only
606,MapInfo,music_type,Int32,,0x0B,0,Integer. 0=inherit; 1=from event; 2=specified in 0x0C
607,MapInfo,music,Music,,0x0C,,Array - RPG::Music
608,MapInfo,background_type,Int32,,0x15,0,Integer. 0=inherit; 1=from terrain ldb data; 2=specified in 0x16
609,MapInfo,background_name,String,,0x16,'',String
610,MapInfo,teleport,Int32,,0x1F,0,Flag. 0=inherit; 1=allow; 2=disallow
611,MapInfo,escape,Int32,,0x20,0,Flag. 0=inherit; 1=allow; 2=disallow
612,MapInfo,save,Int32,,0x21,0,Flag. 0=inherit; 1=allow; 2=disallow
613,MapInfo,encounters,Encounter,Array,0x29,,Array - RPG::Encounter
614,MapInfo,encounter_steps,Int32,,0x2C,25,Integer. 0 inherits from parent (?) FIXME
615,MapInfo,area_rect,Rect,,0x33,,Uint32 x 4 (Left; Top; Right; Bottom). Normal map (non-area) is 0; 0; 0; 0
616,Start,party_map_id,Int32,,0x01,0,Integer
617,Start,party_x,Int32,,0x02,0,Integer
618,Start,party_y,Int32,,0x03,0,Integer
619,Start,boat_map_id,Int32,,0x0B,0,Integer
620,Start,boat_x,Int32,,0x0C,0,Integer
621,Start,boat_y,Int32,,0x0D,0,Integer
622,Start,ship_map_id,Int32,,0x15,0,Integer
623,Start,ship_x,Int32,,0x16,0,Integer
624,Start,ship_y,Int32,,0x17,0,Integer
625,Start,airship_map_id,Int32,,0x1F,0,Integer
626,Start,airship_x,Int32,,0x20,0,Integer
627,Start,airship_y,Int32,,0x21,0,Integer
628,EventPageCondition,flags,EventPageCondition_Flags,,0x01,,Bitflag
629,EventPageCondition,switch_a_id,Int32,,0x02,1,Integer
630,EventPageCondition,switch_b_id,Int32,,0x03,1,Integer
631,EventPageCondition,variable_id,Int32,,0x04,1,Integer
632,EventPageCondition,variable_value,Int32,,0x05,0,Integer
633,EventPageCondition,item_id,Int32,,0x06,1,Integer
634,EventPageCondition,actor_id,Int32,,0x07,1,Integer
635,EventPageCondition,timer_sec,Int32,,0x08,0,Integer
636,EventPageCondition,timer2_sec,Int32,,0x09,0,Integer - RPG2003
637,EventPageCondition,compare_operator,Int32,,0x0A,1,Integer - RPG2003
638,MoveRoute,move_commands,SizeField,,0x0B,,Integer
639,MoveRoute,move_commands,MoveCommand,,0x0C,,Array - RPG::MoveCommand
640,MoveRoute,repeat,Boolean,,0x15,True,Flag
641,MoveRoute,skippable,Boolean,,0x16,False,Flag
642,EventPage,condition,EventPageCondition,,0x02,,RPG::EventPageCondition
643,EventPage,character_name,String,,0x15,'',String
644,EventPage,character_index,Int32,,0x16,0,Integer
645,EventPage,character_direction,Int32,,0x17,2,Integer
646,EventPage,character_pattern,Int32,,0x18,1,Integer
647,EventPage,translucent,Boolean,,0x19,False,Integer
648,EventPage,move_type,Int32,,0x1F,1,Integer
649,EventPage,move_frequency,Int32,,0x20,3,Integer
650,EventPage,trigger,Int32,,0x21,0,Integer
651,EventPage,layer,Int32,,0x22,0,Integer
652,EventPage,overlap_forbidden,Boolean,,0x23,False,Flag
653,EventPage,animation_type,Int32,,0x24,0,Integer
654,EventPage,move_speed,Int32,,0x25,3,Integer
655,EventPage,move_route,MoveRoute,,0x29,,RPG::MoveRoute
656,EventPage,event_commands,SizeField,,0x33,,Integer
657,EventPage,event_commands,EventCommand,Vector,0x34,,Array - RPG::EventCommand
658,Event,name,String,,0x01,'',String
659,Event,x,Int32,,0x02,0,Integer
660,Event,y,Int32,,0x03,0,Integer
661,Event,pages,EventPage,Array,0x05,,Array - RPG::EventPage
662,Map,chipset_id,Int32,,0x01,1,Integer
663,Map,width,Int32,,0x02,20,Integer
664,Map,height,Int32,,0x03,15,Integer
665,Map,scroll_type,Int32,,0x0B,0,Integer
666,Map,parallax_flag,Boolean,,0x1F,False,Flag
667,Map,parallax_name,String,,0x20,'',String
668,Map,parallax_loop_x,Boolean,,0x21,False,Flag
669,Map,parallax_loop_y,Boolean,,0x22,False,Flag
670,Map,parallax_auto_loop_x,Boolean,,0x23,False,Flag
671,Map,parallax_sx,Int32,,0x24,0,Integer
672,Map,parallax_auto_loop_y,Boolean,,0x25,False,Flag
673,Map,parallax_sy,Int32,,0x26,0,Integer
674,Map,generator_flag,Boolean,,0x28,False,Flag
675,Map,generator_mode,Int32,,0x29,0,Integer
676,Map,top_level,Boolean,,0x2A,False,Bool
677,Map,generator_tiles,Int32,,0x30,0,Integer
678,Map,generator_width,Int32,,0x31,4,Integer
679,Map,generator_height,Int32,,0x32,1,Integer
680,Map,generator_surround,Boolean,,0x33,True,Flag
681,Map,generator_upper_wall,Boolean,,0x34,True,Flag
682,Map,generator_floor_b,Boolean,,0x35,True,Flag
683,Map,generator_floor_c,Boolean,,0x36,True,Flag
684,Map,generator_extra_b,Boolean,,0x37,True,Flag
685,Map,generator_extra_c,Boolean,,0x38,True,Flag
686,Map,generator_x,UInt32,Vector,0x3C,,Uint32 x 9
687,Map,generator_y,UInt32,Vector,0x3D,,Uint32 x 9
688,Map,generator_tile_ids,Int16,Vector,0x3E,,Array - Short
689,Map,lower_layer,Int16,Vector,0x47,,Array - Short
690,Map,upper_layer,Int16,Vector,0x48,,Array - Short
691,Map,events,Event,Array,0x51,,Array - RPG::Event
692,Map,save_count,Int32,,0x5B,0,Integer
693,SaveTitle,timestamp,Double,,0x01,0,double - timestamp in Delphi's TDateTime format
694,SaveTitle,hero_name,String,,0x0B,,char[]: hero name
695,SaveTitle,hero_level,Int32,,0x0C,0,int: hero level
696,SaveTitle,hero_hp,Int32,,0x0D,0,int: hero HP
697,SaveTitle,face1_name,String,,0x15,,char[]: face filename
698,SaveTitle,face1_id,Int32,,0x16,0,int: face id
699,SaveTitle,face2_name,String,,0x17,,char[]: face filename
700,SaveTitle,face2_id,Int32,,0x18,0,int: face id
701,SaveTitle,face3_name,String,,0x19,,char[]: face filename
702,SaveTitle,face3_id,Int32,,0x1A,0,int: face id
703,SaveTitle,face4_name,String,,0x1B,,char[]: face filename
704,SaveTitle,face4_id,Int32,,0x1C,0,int: face id
705,SaveSystem,screen,Int32,,0x01,1,
706,SaveSystem,frame_count,Int32,,0x0B,0,
707,SaveSystem,graphics_name,String,,0x15,'',string
708,SaveSystem,message_stretch,Int32,,0x16,-1,Integer
709,SaveSystem,font_id,Int32,,0x17,0,Integer
710,SaveSystem,switches_size,Int32,,0x1F,0,
711,SaveSystem,switches,Boolean,Vector,0x20,,
712,SaveSystem,variables_size,Int32,,0x21,0,
713,SaveSystem,variables,UInt32,Vector,0x22,,
714,SaveSystem,message_transparent,Int32,,0x29,0,
715,SaveSystem,message_position,Int32,,0x2A,2,
716,SaveSystem,message_prevent_overlap,Int32,,0x2B,1,
717,SaveSystem,message_continue_events,Int32,,0x2C,0,
718,SaveSystem,face_name,String,,0x33,'',
719,SaveSystem,face_id,Int32,,0x34,0,
720,SaveSystem,face_right,Boolean,,0x35,False,bool
721,SaveSystem,face_flip,Boolean,,0x36,False,bool
722,SaveSystem,transparent,Boolean,,0x37,False,
723,SaveSystem,unknown_3d_music_fadeout,Int32,,0x3D,0,music fade out? FIXME
724,SaveSystem,title_music,Music,,0x47,,
725,SaveSystem,battle_music,Music,,0x48,,
726,SaveSystem,battle_end_music,Music,,0x49,,
727,SaveSystem,inn_music,Music,,0x4A,,
728,SaveSystem,current_music,Music,,0x4B,,
729,SaveSystem,before_vehicle_music,Music,,0x4C,,
730,SaveSystem,before_battle_music,Music,,0x4D,,
731,SaveSystem,stored_music,Music,,0x4E,,
732,SaveSystem,boat_music,Music,,0x4F,,
733,SaveSystem,ship_music,Music,,0x50,,
734,SaveSystem,airship_music,Music,,0x51,,
735,SaveSystem,gameover_music,Music,,0x52,,
736,SaveSystem,cursor_se,Sound,,0x5B,,
737,SaveSystem,decision_se,Sound,,0x5C,,
738,SaveSystem,cancel_se,Sound,,0x5D,,
739,SaveSystem,buzzer_se,Sound,,0x5E,,
740,SaveSystem,battle_se,Sound,,0x5F,,
741,SaveSystem,escape_se,Sound,,0x60,,
742,SaveSystem,enemy_attack_se,Sound,,0x61,,
743,SaveSystem,enemy_damaged_se,Sound,,0x62,,
744,SaveSystem,actor_damaged_se,Sound,,0x63,,
745,SaveSystem,dodge_se,Sound,,0x64,,
746,SaveSystem,enemy_death_se,Sound,,0x65,,
747,SaveSystem,item_se,Sound,,0x66,,
748,SaveSystem,transition_out,UInt8,,0x6F,1,
749,SaveSystem,transition_in,UInt8,,0x70,1,
750,SaveSystem,battle_start_fadeout,UInt8,,0x71,1,
751,SaveSystem,battle_start_fadein,UInt8,,0x72,1,
752,SaveSystem,battle_end_fadeout,UInt8,,0x73,1,
753,SaveSystem,battle_end_fadein,UInt8,,0x74,1,
754,SaveSystem,teleport_allowed,Boolean,,0x79,True,
755,SaveSystem,escape_allowed,Boolean,,0x7A,True,
756,SaveSystem,save_allowed,Boolean,,0x7B,True,
757,SaveSystem,menu_allowed,Boolean,,0x7C,True,
758,SaveSystem,background,String,,0x7D,,string
759,SaveSystem,save_count,Int32,,0x83,0,
760,SaveSystem,save_slot,Int32,,0x84,1,
761,SaveSystem,atb_mode,Int32,,0x8C,0,ATB mode of RPG 2003 battle system.
762,SaveScreen,tint_finish_red,Int32,,0x01,100,int
763,SaveScreen,tint_finish_green,Int32,,0x02,100,int
764,SaveScreen,tint_finish_blue,Int32,,0x03,100,int
765,SaveScreen,tint_finish_sat,Int32,,0x04,100,int
766,SaveScreen,tint_current_red,Double,,0x0B,100.0,double
767,SaveScreen,tint_current_green,Double,,0x0C,100.0,double
768,SaveScreen,tint_current_blue,Double,,0x0D,100.0,double
769,SaveScreen,tint_current_sat,Double,,0x0E,100.0,double
770,SaveScreen,tint_time_left,Int32,,0x0F,0,int
771,SaveScreen,flash_continuous,Boolean,,0x14,False,int
772,SaveScreen,flash_red,Int32,,0x15,0,int
773,SaveScreen,flash_green,Int32,,0x16,0,int
774,SaveScreen,flash_blue,Int32,,0x17,0,int
775,SaveScreen,flash_current_level,Double,,0x18,0.0,double
776,SaveScreen,flash_time_left,Int32,,0x19,0,int
777,SaveScreen,shake_continuous,Boolean,,0x1E,False,int
778,SaveScreen,shake_strength,Int32,,0x1F,0,int
779,SaveScreen,shake_speed,Int32,,0x20,0,int
780,SaveScreen,shake_position,Int32,,0x21,0,int
781,SaveScreen,shake_position_y,Int32,,0x22,0,int - unused
782,SaveScreen,shake_time_left,Int32,,0x23,0,int
783,SaveScreen,pan_x,Int32,,0x29,0,int
784,SaveScreen,pan_y,Int32,,0x2A,0,int
785,SaveScreen,battleanim_id,Int32,,0x2B,0,int - battle animation ID
786,SaveScreen,battleanim_target,Int32,,0x2C,0,int - battle animation target
787,SaveScreen,battleanim_frame,Int32,,0x2D,0,int - frame count - Ref<Animation>? FIXME
788,SaveScreen,unknown_2e_battleanim_active,Int32,,0x2E,0,int - unsure FIXME
789,SaveScreen,battleanim_global,Boolean,,0x2F,False,int - battle animation global scope
790,SaveScreen,weather,Int32,,0x30,0,int
791,SaveScreen,weather_strength,Int32,,0x31,0,int
792,SavePicture,name,String,,0x01,'',string
793,SavePicture,start_x,Double,,0x02,0.0,double
794,SavePicture,start_y,Double,,0x03,0.0,double
795,SavePicture,current_x,Double,,0x04,0.0,double
796,SavePicture,current_y,Double,,0x05,0.0,double
797,SavePicture,fixed_to_map,Boolean,,0x06,False,bool
798,SavePicture,current_magnify,Double,,0x07,-1.0,double
799,SavePicture,current_top_trans,Double,,0x08,0.0,double
800,SavePicture,transparency,Boolean,,0x09,False,bool
801,SavePicture,current_red,Double,,0x0B,-1.0,double
802,SavePicture,current_green,Double,,0x0C,-1.0,double
803,SavePicture,current_blue,Double,,0x0D,-1.0,double
804,SavePicture,current_sat,Double,,0x0E,-1.0,double
805,SavePicture,effect_mode,Int32,,0x0F,0,int
806,SavePicture,current_effect,Double,,0x10,0.0,double
807,SavePicture,current_bot_trans,Double,,0x12,0.0,double
808,SavePicture,spritesheet_cols,Int32,,0x13,1,Spritesheet columns
809,SavePicture,spritesheet_rows,Int32,,0x14,1,Spritesheet rows
810,SavePicture,spritesheet_frame,Int32,,0x15,0,Current spritesheet frame
811,SavePicture,spritesheet_speed,Int32,,0x16,0,Spritesheet speed (X frames per second)
812,SavePicture,frames,Int32,,0x17,0,Frames since ShowPicture
813,SavePicture,spritesheet_play_once,Boolean,,0x18,False,True: Play once and destroy; False: Loop spritesheet
814,SavePicture,map_layer,Int32,,0x19,7,Layer to show picture on at the map
815,SavePicture,battle_layer,Int32,,0x1A,0,Layer to show picture on in battle
816,SavePicture,flags,SavePicture_Flags,,0x1B,97,Bitflag. Persists Map/Battle change/end; Affected by Shake/Flash/Tint
817,SavePicture,finish_x,Double,,0x1F,0.0,double
818,SavePicture,finish_y,Double,,0x20,0.0,double
819,SavePicture,finish_magnify,Int32,,0x21,100,int
820,SavePicture,finish_top_trans,Int32,,0x22,0,int
821,SavePicture,finish_bot_trans,Int32,,0x23,0,int
822,SavePicture,finish_red,Int32,,0x29,100,int
823,SavePicture,finish_green,Int32,,0x2A,100,int
824,SavePicture,finish_blue,Int32,,0x2B,100,int
825,SavePicture,finish_sat,Int32,,0x2C,100,int
826,SavePicture,finish_effect,Int32,,0x2E,0,int
827,SavePicture,time_left,Int32,,0x33,0,int
828,SavePicture,current_rotation,Double,,0x34,0.0,double
829,SavePicture,current_waver,Int32,,0x35,0,int
830,SavePartyLocation,active,Boolean,,0x01,True,Flag
831,SavePartyLocation,map_id,Int32,,0x0B,-1,?
832,SavePartyLocation,position_x,Int32,,0x0C,-1,?
833,SavePartyLocation,position_y,Int32,,0x0D,-1,?
834,SavePartyLocation,direction,Int32,,0x15,2,Facing direction
835,SavePartyLocation,sprite_direction,Int32,,0x16,2,Sprite direction
836,SavePartyLocation,anim_frame,Int32,,0x17,1,?
837,SavePartyLocation,transparency,Int32,,0x18,0,0 or 3 - Transparency level of the main party member
838,SavePartyLocation,remaining_step,Int32,,0x1F,0,From 0 to 255 - Remaining distance of the current move
839,SavePartyLocation,move_frequency,Int32,,0x20,2,?
840,SavePartyLocation,layer,Int32,,0x21,1,?
841,SavePartyLocation,overlap_forbidden,Boolean,,0x22,False,Flag
842,SavePartyLocation,animation_type,Int32,,0x23,1,Integer
843,SavePartyLocation,lock_facing,Boolean,,0x24,False,facing locked
844,SavePartyLocation,move_speed,Int32,,0x25,4,
845,SavePartyLocation,move_route,MoveRoute,,0x29,,chunks: RPG::MoveRoute
846,SavePartyLocation,move_route_overwrite,Boolean,,0x2A,False,Use custom move route
847,SavePartyLocation,move_route_index,Int32,,0x2B,0,Index of MoveEvent command route
848,SavePartyLocation,move_route_repeated,Boolean,,0x2C,False,Boolean - Repeating move route has been completed at least once
849,SavePartyLocation,sprite_transparent,Boolean,,0x2E,False,bool
850,SavePartyLocation,unknown_2f_overlap,Int32,,0x2F,0,Boolean - Overlap? Almost the same as 0x33 (through). 0x2F represents that by MoveEvent the through mode has been activated. 0x33 represents whether the event is permeable straight and no matter which. This is actually only relevant events (not the hero) for example which can be set by an empty event page on translucent (0x33 = true) without having been set by a MoveEvent so (0x2F = false). FIXME
851,SavePartyLocation,anim_paused,Int32,,0x30,0,?
852,SavePartyLocation,through,Boolean,,0x33,False,Can go through anything
853,SavePartyLocation,stop_count,Int32,,0x34,0,?
854,SavePartyLocation,anim_count,Int32,,0x35,0,?
855,SavePartyLocation,max_stop_count,Int32,,0x36,0,2^move_frequency - Once stop_count reaches it; the next move command is executed
856,SavePartyLocation,jumping,Boolean,,0x3D,False,?
857,SavePartyLocation,begin_jump_x,Int32,,0x3E,0,?
858,SavePartyLocation,begin_jump_y,Int32,,0x3F,0,?
859,SavePartyLocation,unknown_47_pause,Int32,,0x47,0,used as a kind of pause flag during the event processing. Not quite sure what causes it. FIXME
860,SavePartyLocation,flying,Boolean,,0x48,False,Flag
861,SavePartyLocation,sprite_name,String,,0x49,'',?
862,SavePartyLocation,sprite_id,Int32,,0x4A,0,?
863,SavePartyLocation,unknown_4b_sprite_move,Int32,,0x4B,0,Flag whether an event (the hero is also an event) in the current frame have any movement action has made.
864,SavePartyLocation,flash_red,Int32,,0x51,100,int
865,SavePartyLocation,flash_green,Int32,,0x52,100,int
866,SavePartyLocation,flash_blue,Int32,,0x53,100,int
867,SavePartyLocation,flash_current_level,Double,,0x54,0.0,double
868,SavePartyLocation,flash_time_left,Int32,,0x55,0,int
869,SavePartyLocation,boarding,Boolean,,0x65,False,
870,SavePartyLocation,aboard,Boolean,,0x66,False,
871,SavePartyLocation,vehicle,Int32,,0x67,0,Vehicle in use
872,SavePartyLocation,unboarding,Boolean,,0x68,False,
873,SavePartyLocation,preboard_move_speed,Int32,,0x69,4,Move speed before the party boarded the vehicle
874,SavePartyLocation,unknown_6c_menu_calling,Int32,,0x6C,0,flag which briefly is true if the player presses ESC and another place in the code is set to false when subsequently calls the menu.
875,SavePartyLocation,pan_state,Int32,,0x6f,1,
876,SavePartyLocation,pan_current_x,Int32,,0x70,2304,int
877,SavePartyLocation,pan_current_y,Int32,,0x71,1792,?
878,SavePartyLocation,pan_finish_x,Int32,,0x72,2304,?
879,SavePartyLocation,pan_finish_y,Int32,,0x73,1792,?
880,SavePartyLocation,pan_speed,Int32,,0x79,16,speed in the scrolls of the screen - shown in sixteenth pixels.
881,SavePartyLocation,encounter_steps,Int32,,0x7C,0,int: sum of terrain.encounter_rate for each step
882,SavePartyLocation,unknown_7d_encounter_calling,Boolean,,0x7D,False,Similar to 0x6C - is used to signal a different piece of code that an Encounter to be triggered.
883,SavePartyLocation,map_save_count,Int32,,0x83,0,Mirrors save_count of current map. On mismatch events are not continued after load.
884,SavePartyLocation,database_save_count,Int32,,0x84,0,?
885,SaveVehicleLocation,active,Boolean,,0x01,True,Flag
886,SaveVehicleLocation,map_id,Int32,,0x0B,-1,?
887,SaveVehicleLocation,position_x,Int32,,0x0C,-1,?
888,SaveVehicleLocation,position_y,Int32,,0x0D,-1,?
889,SaveVehicleLocation,direction,Int32,,0x15,2,Facing direction
890,SaveVehicleLocation,sprite_direction,Int32,,0x16,2,Sprite direction
891,SaveVehicleLocation,anim_frame,Int32,,0x17,1,?
892,SaveVehicleLocation,transparency,Int32,,0x18,0,always 0
893,SaveVehicleLocation,remaining_step,Int32,,0x1F,0,From 0 to 255 - Remaining distance of the current move
894,SaveVehicleLocation,move_frequency,Int32,,0x20,2,?
895,SaveVehicleLocation,layer,Int32,,0x21,1,?
896,SaveVehicleLocation,overlap_forbidden,Boolean,,0x22,False,Flag
897,SaveVehicleLocation,animation_type,Int32,,0x23,1,
898,SaveVehicleLocation,lock_facing,Boolean,,0x24,False,facing locked
899,SaveVehicleLocation,move_speed,Int32,,0x25,-1,
900,SaveVehicleLocation,move_route,MoveRoute,,0x29,,chunks: RPG::MoveRoute
901,SaveVehicleLocation,move_route_overwrite,Boolean,,0x2A,False,Use custom move route
902,SaveVehicleLocation,move_route_index,Int32,,0x2B,0,Index of MoveEvent command route
903,SaveVehicleLocation,move_route_repeated,Boolean,,0x2C,False,Boolean - Repeating move route has been completed at least once
904,SaveVehicleLocation,anim_paused,Int32,,0x30,0,?
905,SaveVehicleLocation,through,Boolean,,0x33,False,Can go through anything
906,SaveVehicleLocation,stop_count,Int32,,0x34,0,?
907,SaveVehicleLocation,anim_count,Int32,,0x35,0,?
908,SaveVehicleLocation,max_stop_count,Int32,,0x36,0,2^move_frequency - Once stop_count reaches it; the next move command is executed
909,SaveVehicleLocation,jumping,Boolean,,0x3D,False,?
910,SaveVehicleLocation,begin_jump_x,Int32,,0x3E,0,?
911,SaveVehicleLocation,begin_jump_y,Int32,,0x3F,0,?
912,SaveVehicleLocation,unknown_47_pause,Int32,,0x47,0,used as a kind of pause flag during the event processing. Not quite sure what causes it. FIXME
913,SaveVehicleLocation,flying,Boolean,,0x48,False,Flag
914,SaveVehicleLocation,sprite_name,String,,0x49,'',?
915,SaveVehicleLocation,sprite_id,Int32,,0x4A,0,?
916,SaveVehicleLocation,unknown_4b_sprite_move,Int32,,0x4B,0,Flag whether an event (the hero is also an event) in the current frame have any movement action has made.
917,SaveVehicleLocation,flash_red,Int32,,0x51,100,int
918,SaveVehicleLocation,flash_green,Int32,,0x52,100,int
919,SaveVehicleLocation,flash_blue,Int32,,0x53,100,int
920,SaveVehicleLocation,flash_current_level,Double,,0x54,0.0,double
921,SaveVehicleLocation,flash_time_left,Int32,,0x55,0,int
922,SaveVehicleLocation,vehicle,Int32,,0x65,0,Ship ID: 1 = boat; 2 = Ship; 3 = Airship - Maybe the same as Enum<SavePartyLocation_VehicleType>? FIXME
923,SaveVehicleLocation,original_move_route_index,Int32,,0x66,0,Index of custom move route
924,SaveVehicleLocation,remaining_ascent,Int32,,0x6A,0,From 0 to 255 - In flying vehicles; remaining distance to ascend
925,SaveVehicleLocation,remaining_descent,Int32,,0x6B,0,From 0 to 255 - In flying vehicles; remaining distance to descend
926,SaveVehicleLocation,sprite2_name,String,,0x6F,'',string
927,SaveVehicleLocation,sprite2_id,Int32,,0x70,0,int
928,SaveActor,name,String,,0x01,'',string; ''\x01'' for default!?!?
929,SaveActor,title,String,,0x02,'',string; ''\x01'' for default!?!?
930,SaveActor,sprite_name,String,,0x0B,'',string
931,SaveActor,sprite_id,Int32,,0x0C,0,int
932,SaveActor,sprite_flags,Int32,,0x0D,0,int
933,SaveActor,face_name,String,,0x15,'',string
934,SaveActor,face_id,Int32,,0x16,0,int
935,SaveActor,level,Int32,,0x1F,-1,int
936,SaveActor,exp,Int32,,0x20,-1,int
937,SaveActor,hp_mod,Int32,,0x21,-1,?
938,SaveActor,sp_mod,Int32,,0x22,-1,?
939,SaveActor,attack_mod,Int32,,0x29,0,int
940,SaveActor,defense_mod,Int32,,0x2A,0,int
941,SaveActor,spirit_mod,Int32,,0x2B,0,int
942,SaveActor,agility_mod,Int32,,0x2C,0,int
943,SaveActor,skills_size,Int32,,0x33,-1,?
944,SaveActor,skills,Int16,Vector,0x34,,short[]
945,SaveActor,equipped,Int16,Vector,0x3D,,short[5]
946,SaveActor,current_hp,Int32,,0x47,-1,int
947,SaveActor,current_sp,Int32,,0x48,-1,int
948,SaveActor,battle_commands,Int32,List,0x50,,array of (uncompressed) int32
949,SaveActor,status_size,Int32,,0x51,0,?
950,SaveActor,status,Int16,Vector,0x52,,array of short
951,SaveActor,changed_battle_commands,Boolean,,0x53,False,bool
952,SaveActor,class_id,Int32,,0x5A,-1,int class-id
953,SaveActor,row,Int32,,0x5B,0,RPG2003 Battle row (-1 Back; 1 Front)
954,SaveActor,two_weapon,Boolean,,0x5C,False,bool
955,SaveActor,lock_equipment,Boolean,,0x5D,False,bool
956,SaveActor,auto_battle,Boolean,,0x5E,False,bool
957,SaveActor,super_guard,Boolean,,0x5F,False,bool
958,SaveActor,battler_animation,Int32,,0x60,0,Integer - RPG2003
959,SaveInventory,party_size,Int32,,0x01,-1,?
960,SaveInventory,party,Int16,Vector,0x02,,?
961,SaveInventory,items_size,Int32,,0x0B,-1,?
962,SaveInventory,item_ids,Int16,Vector,0x0C,,short[]: item list
963,SaveInventory,item_counts,UInt8,Vector,0x0D,,?
964,SaveInventory,item_usage,UInt8,Vector,0x0E,,?
965,SaveInventory,gold,Int32,,0x15,0,int
966,SaveInventory,timer1_secs,Int32,,0x17,0,int
967,SaveInventory,timer1_active,Boolean,,0x18,False,bool
968,SaveInventory,timer1_visible,Boolean,,0x19,False,bool
969,SaveInventory,timer1_battle,Boolean,,0x1A,False,bool
970,SaveInventory,timer2_secs,Int32,,0x1B,0,int
971,SaveInventory,timer2_active,Boolean,,0x1C,False,bool
972,SaveInventory,timer2_visible,Boolean,,0x1D,False,bool
973,SaveInventory,timer2_battle,Boolean,,0x1E,False,bool
974,SaveInventory,battles,Int32,,0x20,0,?
975,SaveInventory,defeats,Int32,,0x21,0,?
976,SaveInventory,escapes,Int32,,0x22,0,?
977,SaveInventory,victories,Int32,,0x23,0,?
978,SaveInventory,turns,Int32,,0x29,0,Number of turns passed in the latest battle fought. RPG2000: 'turn' passes after every character (enemies and heroes both) performed an action each. RPG2003: every time a hero or enemy performs an action that is considered a 'turn'.
979,SaveInventory,steps,Int32,,0x2A,0,?
980,SaveTarget,map_id,Int32,,0x01,0,int
981,SaveTarget,map_x,Int32,,0x02,0,int
982,SaveTarget,map_y,Int32,,0x03,0,int
983,SaveTarget,switch_on,Boolean,,0x04,False,bool
984,SaveTarget,switch_id,Int32,,0x05,0,int
985,SaveEventCommands,commands_size,Int32,,0x01,0,int
986,SaveEventCommands,commands,EventCommand,Vector,0x02,,event command list
987,SaveEventCommands,current_command,Int32,,0x0B,0,int
988,SaveEventCommands,event_id,Int32,,0x0C,0,0 if it's common event or in other map
989,SaveEventCommands,actioned,Boolean,,0x0D,False,Event was triggered by the Action Key
990,SaveEventCommands,unknown_15_subcommand_path_size,Int32,,0x15,-1,size of the 0x16 vector: an array which stores the to be brought into an event code path FIXME
991,SaveEventCommands,unknown_16_subcommand_path,UInt8,Vector,0x16,,byte Each indentation in the event code corresponds to an entry in the array. When a command such as e.g. Show Choice is achieved; stored in the array entry of the current level; which code path must accept the event. For example: if the player chooses the third entry is '3' (or maybe 2? not tested) stored there. When a 'Case XXX' is achieved command; it is checked whether the value is stored there; the value of the 'Case'-subcommand corresponds. Otherwise the block is skipped. If so then the block is executed and the stored value is set to 255 (probably a double protection if times; although that should never be more Case subcommands are with the same ID. FIXME
992,SaveEventData,commands,SaveEventCommands,Array,0x01,,array
993,SaveEventData,show_message,Boolean,,0x04,False,Show Message command has been executed in the current move route
994,SaveEventData,unknown_0b_escape,Int32,,0x0B,0,Flag which is set before a fight if the event is canceled by the struggle for escape. FIXME
995,SaveEventData,wait_movement,Boolean,,0x0D,False,Whether Wait for all movement is in effect
996,SaveEventData,keyinput_wait,Boolean,,0x15,False,
997,SaveEventData,keyinput_variable,UInt8,,0x16,0,
998,SaveEventData,keyinput_all_directions,Boolean,,0x17,False,
999,SaveEventData,keyinput_decision,Boolean,,0x18,False,
1000,SaveEventData,keyinput_cancel,Boolean,,0x19,False,
1001,SaveEventData,keyinput_numbers,Boolean,,0x1A,False,In RM2k Value this is keyinput_shift
1002,SaveEventData,keyinput_operators,Boolean,,0x1B,False,In Value keyinput_down
1003,SaveEventData,keyinput_shift,Boolean,,0x1C,False,In Value keyinput_left
1004,SaveEventData,keyinput_value_right,Boolean,,0x1D,False,Only in Value
1005,SaveEventData,keyinput_value_up,Boolean,,0x1E,False,Only in Value
1006,SaveEventData,wait_time,Int32,,0x1F,0,int
1007,SaveEventData,keyinput_time_variable,Int32,,0x20,-1,
1008,SaveEventData,keyinput_down,Boolean,,0x23,False,
1009,SaveEventData,keyinput_left,Boolean,,0x24,False,
1010,SaveEventData,keyinput_right,Boolean,,0x25,False,
1011,SaveEventData,keyinput_up,Boolean,,0x26,False,
1012,SaveEventData,keyinput_timed,Boolean,,0x29,False,
1013,SaveEventData,unknown_2a_time_left,Int32,,0x2a,0,number of frames have to wait until the event continues. FIXME difference with 0x1F?
1014,SaveMapEvent,active,Boolean,,0x01,True,Flag
1015,SaveMapEvent,map_id,Int32,,0x0B,-1,?
1016,SaveMapEvent,position_x,Int32,,0x0C,-1,?
1017,SaveMapEvent,position_y,Int32,,0x0D,-1,?
1018,SaveMapEvent,direction,Int32,,0x15,2,Facing direction
1019,SaveMapEvent,sprite_direction,Int32,,0x16,2,Sprite direction
1020,SaveMapEvent,anim_frame,Int32,,0x17,1,?
1021,SaveMapEvent,transparency,Int32,,0x18,0,0 or 3 - Transparency level of the current event page
1022,SaveMapEvent,remaining_step,Int32,,0x1F,0,From 0 to 255 - Remaining distance of the current move
1023,SaveMapEvent,move_frequency,Int32,,0x20,2,?
1024,SaveMapEvent,layer,Int32,,0x21,1,?
1025,SaveMapEvent,overlap_forbidden,Boolean,,0x22,False,Flag
1026,SaveMapEvent,animation_type,Int32,,0x23,1,
1027,SaveMapEvent,lock_facing,Boolean,,0x24,False,facing locked
1028,SaveMapEvent,move_speed,Int32,,0x25,-1,
1029,SaveMapEvent,move_route,MoveRoute,,0x29,,chunks: RPG::MoveRoute
1030,SaveMapEvent,move_route_overwrite,Boolean,,0x2A,False,Use custom move route
1031,SaveMapEvent,move_route_index,Int32,,0x2B,0,Index of MoveEvent command route
1032,SaveMapEvent,move_route_repeated,Boolean,,0x2C,False,Boolean - Repeating move route has been completed at least once
1033,SaveMapEvent,unknown_2f_overlap,Int32,,0x2F,-1,Boolean - Overlap? Almost the same as 0x33 (through). 0x2F represents that by MoveEvent the through mode has been activated. 0x33 represents whether the event is permeable straight and no matter which. This is actually only relevant events (not the hero) for example which can be set by an empty event page on translucent (0x33 = true) without having been set by a MoveEvent so (0x2F = false). FIXME
1034,SaveMapEvent,anim_paused,Int32,,0x30,0,?
1035,SaveMapEvent,through,Boolean,,0x33,False,Can go through anything
1036,SaveMapEvent,stop_count,Int32,,0x34,0,?
1037,SaveMapEvent,anim_count,Int32,,0x35,0,?
1038,SaveMapEvent,max_stop_count,Int32,,0x36,0,2^move_frequency unless it's a random move route - Once stop_count reaches it; the next move command is executed
1039,SaveMapEvent,jumping,Boolean,,0x3D,False,?
1040,SaveMapEvent,begin_jump_x,Int32,,0x3E,0,?
1041,SaveMapEvent,begin_jump_y,Int32,,0x3F,0,?
1042,SaveMapEvent,unknown_47_pause,Int32,,0x47,0,used as a kind of pause flag during the event processing. Not quite sure what causes it. FIXME
1043,SaveMapEvent,flying,Boolean,,0x48,False,Flag
1044,SaveMapEvent,sprite_name,String,,0x49,'',?
1045,SaveMapEvent,sprite_id,Int32,,0x4A,-1,?
1046,SaveMapEvent,unknown_4b_sprite_move,Int32,,0x4B,-1,Flag whether an event (the hero is also an event) in the current frame have any movement action has made.
1047,SaveMapEvent,flash_red,Int32,,0x51,100,int
1048,SaveMapEvent,flash_green,Int32,,0x52,100,int
1049,SaveMapEvent,flash_blue,Int32,,0x53,100,int
1050,SaveMapEvent,flash_current_level,Double,,0x54,0.0,double
1051,SaveMapEvent,flash_time_left,Int32,,0x55,0,int
1052,SaveMapEvent,running,Boolean,,0x65,False,?
1053,SaveMapEvent,original_move_route_index,Int32,,0x66,0,Index of custom move route
1054,SaveMapEvent,pending,Boolean,,0x67,False,If true; this event will run after the current running event stops running. FIXME: See issue #174
1055,SaveMapEvent,event_data,SaveEventData,,0x6C,,chunks
1056,SaveMapInfo,position_x,Int32,,0x01,0,int
1057,SaveMapInfo,position_y,Int32,,0x02,0,int
1058,SaveMapInfo,encounter_rate,Int32,,0x03,-1,int
1059,SaveMapInfo,chipset_id,Int32,,0x05,0,int
1060,SaveMapInfo,events,SaveMapEvent,Array,0x0B,,? array
1061,SaveMapInfo,lower_tiles,UInt8,Vector,0x15,,? [00 01 02 ... 8E 8F]
1062,SaveMapInfo,upper_tiles,UInt8,Vector,0x16,,
1063,SaveMapInfo,parallax_name,String,,0x20,'',string
1064,SaveMapInfo,parallax_horz,Boolean,,0x21,False,bool
1065,SaveMapInfo,parallax_vert,Boolean,,0x22,False,bool
1066,SaveMapInfo,parallax_horz_auto,Boolean,,0x23,False,bool
1067,SaveMapInfo,parallax_horz_speed,Int32,,0x24,0,int
1068,SaveMapInfo,parallax_vert_auto,Boolean,,0x25,False,bool
1069,SaveMapInfo,parallax_vert_speed,Int32,,0x26,0,int
1070,SaveCommonEvent,event_data,SaveEventData,,0x01,,chunks
1071,Save,title,SaveTitle,,0x64,,RPG::SaveTitle
1072,Save,system,SaveSystem,,0x65,,RPG::SaveSystem
1073,Save,screen,SaveScreen,,0x66,,RPG::SaveScreen
1074,Save,pictures,SavePicture,Array,0x67,,array of RPG::SavePicture
1075,Save,party_location,SavePartyLocation,,0x68,,RPG::SavePartyLocation
1076,Save,boat_location,SaveVehicleLocation,,0x69,,RPG::SaveVehicleLocation
1077,Save,ship_location,SaveVehicleLocation,,0x6A,,RPG::SaveVehicleLocation
1078,Save,airship_location,SaveVehicleLocation,,0x6B,,RPG::SaveVehicleLocation
1079,Save,actors,SaveActor,Array,0x6C,,array of RPG::SaveActor
1080,Save,inventory,SaveInventory,,0x6D,,RPG::SaveInventory
1081,Save,targets,SaveTarget,Array,0x6E,,array of RPG::SaveTarget
1082,Save,map_info,SaveMapInfo,,0x6F,,RPG::SaveMapInfo
1083,Save,panorama_data,Int32,,0x70,-1,Irrelevant; used in game to store panorama data but the object does not have members exported when saved. Mostly an empty object.
1084,Save,events,SaveEventData,,0x71,,RPG::SaveEventData
1085,Save,common_events,SaveCommonEvent,Array,0x72,,array of RPG::SaveCommonEvent
1086,Equipment,weapon_id,Int16,,,0,
1087,Equipment,shield_id,Int16,,,0,
1088,Equipment,armor_id,Int16,,,0,
1089,Equipment,helmet_id,Int16,,,0,
1090,Equipment,accessory_id,Int16,,,0,
1091,EventCommand,code,Int32,,,0,
1092,EventCommand,indent,Int32,,,0,
1093,EventCommand,string,String,,,'',
1094,EventCommand,parameters,Int32,List,,,
#1095,MoveCommand,command_id,Int32,,,0,
#1096,MoveCommand,parameter_string,String,,,'',
#1097,MoveCommand,parameter_a,Int32,,,0,
#1098,MoveCommand,parameter_b,Int32,,,0,
#1099,MoveCommand,parameter_c,Int32,,,0,
1100,Parameters,maxhp,Int16,Tuple_99,,,
1101,Parameters,maxsp,Int16,Tuple_99,,,
1102,Parameters,attack,Int16,Tuple_99,,,
1103,Parameters,defense,Int16,Tuple_99,,,
1104,Parameters,spirit,Int16,Tuple_99,,,
1105,Parameters,agility,Int16,Tuple_99,,,
1106,Rect,l,UInt32,,,0,
1107,Rect,t,UInt32,,,0,
1108,Rect,r,UInt32,,,0,
1109,Rect,b,UInt32,,,0,
1110,TreeMap,maps,MapInfo,Array,,,
1111,TreeMap,tree_order,Int32,List,,,
1112,TreeMap,active_node,Int32,,,0,
1113,TreeMap,start,Start,,,,
